[
{
    "fields": {
        "edited": "2014-12-20T21:17:56.891Z",
        "name": "Luke Skywalker",
        "created": "2014-12-09T13:50:51.644Z",
        "gender": "male",
        "skin_color": "fair",
        "hair_color": "blond",
        "height": "172",
        "eye_color": "blue",
        "mass": "77",
        "homeworld": 1,
        "birth_year": "19BBY"
    },
    "model": "resources.people",
    "pk": 1
},
{
    "fields": {
        "edited": "2014-12-20T21:17:50.309Z",
        "name": "C-3PO",
        "created": "2014-12-10T15:10:51.357Z",
        "gender": "n/a",
        "skin_color": "gold",
        "hair_color": "n/a",
        "height": "167",
        "eye_color": "yellow",
        "mass": "75",
        "homeworld": 1,
        "birth_year": "112BBY"
    },
    "model": "resources.people",
    "pk": 2
},
{
    "fields": {
        "edited": "2014-12-20T21:17:50.311Z",
        "name": "R2-D2",
        "created": "2014-12-10T15:11:50.376Z",
        "gender": "n/a",
        "skin_color": "white, blue",
        "hair_color": "n/a",
        "height": "96",
        "eye_color": "red",
        "mass": "32",
        "homeworld": 8,
        "birth_year": "33BBY"
    },
    "model": "resources.people",
    "pk": 3
},
{
    "fields": {
        "edited": "2014-12-20T21:17:50.313Z",
        "name": "Darth Vader",
        "created": "2014-12-10T15:18:20.704Z",
        "gender": "male",
        "skin_color": "white",
        "hair_color": "none",
        "height": "202",
        "eye_color": "yellow",
        "mass": "136",
        "homeworld": 1,
        "birth_year": "41.9BBY"
    },
    "model": "resources.people",
    "pk": 4
},
{
    "fields": {
        "edited": "2014-12-20T21:17:50.315Z",
        "name": "Leia Organa",
        "created": "2014-12-10T15:20:09.791Z",
        "gender": "female",
        "skin_color": "light",
        "hair_color": "brown",
        "height": "150",
        "eye_color": "brown",
        "mass": "49",
        "homeworld": 2,
        "birth_year": "19BBY"
    },
    "model": "resources.people",
    "pk": 5
},
{
    "fields": {
        "edited": "2014-12-20T21:17:50.317Z",
        "name": "Owen Lars",
        "created": "2014-12-10T15:52:14.024Z",
        "gender": "male",
        "skin_color": "light",
        "hair_color": "brown, grey",
        "height": "178",
        "eye_color": "blue",
        "mass": "120",
        "homeworld": 1,
        "birth_year": "52BBY"
    },
    "model": "resources.people",
    "pk": 6
},
{
    "fields": {
        "edited": "2014-12-20T21:17:50.319Z",
        "name": "Beru Whitesun lars",
        "created": "2014-12-10T15:53:41.121Z",
        "gender": "female",
        "skin_color": "light",
        "hair_color": "brown",
        "height": "165",
        "eye_color": "blue",
        "mass": "75",
        "homeworld": 1,
        "birth_year": "47BBY"
    },
    "model": "resources.people",
    "pk": 7
},
{
    "fields": {
        "edited": "2014-12-20T21:17:50.321Z",
        "name": "R5-D4",
        "created": "2014-12-10T15:57:50.959Z",
        "gender": "n/a",
        "skin_color": "white, red",
        "hair_color": "n/a",
        "height": "97",
        "eye_color": "red",
        "mass": "32",
        "homeworld": 1,
        "birth_year": "unknown"
    },
    "model": "resources.people",
    "pk": 8
},
{
    "fields": {
        "edited": "2014-12-20T21:17:50.323Z",
        "name": "Biggs Darklighter",
        "created": "2014-12-10T15:59:50.509Z",
        "gender": "male",
        "skin_color": "light",
        "hair_color": "black",
        "height": "183",
        "eye_color": "brown",
        "mass": "84",
        "homeworld": 1,
        "birth_year": "24BBY"
    },
    "model": "resources.people",
    "pk": 9
},
{
    "fields": {
        "edited": "2014-12-20T21:17:50.325Z",
        "name": "Obi-Wan Kenobi",
        "created": "2014-12-10T16:16:29.192Z",
        "gender": "male",
        "skin_color": "fair",
        "hair_color": "auburn, white",
        "height": "182",
        "eye_color": "blue-gray",
        "mass": "77",
        "homeworld": 20,
        "birth_year": "57BBY"
    },
    "model": "resources.people",
    "pk": 10
},
{
    "fields": {
        "edited": "2014-12-20T21:17:50.327Z",
        "name": "Anakin Skywalker",
        "created": "2014-12-10T16:20:44.310Z",
        "gender": "male",
        "skin_color": "fair",
        "hair_color": "blond",
        "height": "188",
        "eye_color": "blue",
        "mass": "84",
        "homeworld": 1,
        "birth_year": "41.9BBY"
    },
    "model": "resources.people",
    "pk": 11
},
{
    "fields": {
        "edited": "2014-12-20T21:17:50.330Z",
        "name": "Wilhuff Tarkin",
        "created": "2014-12-10T16:26:56.138Z",
        "gender": "male",
        "skin_color": "fair",
        "hair_color": "auburn, grey",
        "height": "180",
        "eye_color": "blue",
        "mass": "unknown",
        "homeworld": 21,
        "birth_year": "64BBY"
    },
    "model": "resources.people",
    "pk": 12
},
{
    "fields": {
        "edited": "2014-12-20T21:17:50.332Z",
        "name": "Chewbacca",
        "created": "2014-12-10T16:42:45.066Z",
        "gender": "male",
        "skin_color": "unknown",
        "hair_color": "brown",
        "height": "228",
        "eye_color": "blue",
        "mass": "112",
        "homeworld": 14,
        "birth_year": "200BBY"
    },
    "model": "resources.people",
    "pk": 13
},
{
    "fields": {
        "edited": "2014-12-20T21:17:50.334Z",
        "name": "Han Solo",
        "created": "2014-12-10T16:49:14.582Z",
        "gender": "male",
        "skin_color": "fair",
        "hair_color": "brown",
        "height": "180",
        "eye_color": "brown",
        "mass": "80",
        "homeworld": 22,
        "birth_year": "29BBY"
    },
    "model": "resources.people",
    "pk": 14
},
{
    "fields": {
        "edited": "2014-12-20T21:17:50.336Z",
        "name": "Greedo",
        "created": "2014-12-10T17:03:30.334Z",
        "gender": "male",
        "skin_color": "green",
        "hair_color": "n/a",
        "height": "173",
        "eye_color": "black",
        "mass": "74",
        "homeworld": 23,
        "birth_year": "44BBY"
    },
    "model": "resources.people",
    "pk": 15
},
{
    "fields": {
        "edited": "2014-12-20T21:17:50.338Z",
        "name": "Jabba Desilijic Tiure",
        "created": "2014-12-10T17:11:31.638Z",
        "gender": "hermaphrodite",
        "skin_color": "green-tan, brown",
        "hair_color": "n/a",
        "height": "175",
        "eye_color": "orange",
        "mass": "1,358",
        "homeworld": 24,
        "birth_year": "600BBY"
    },
    "model": "resources.people",
    "pk": 16
},
{
    "fields": {
        "edited": "2014-12-20T21:17:50.341Z",
        "name": "Wedge Antilles",
        "created": "2014-12-12T11:08:06.469Z",
        "gender": "male",
        "skin_color": "fair",
        "hair_color": "brown",
        "height": "170",
        "eye_color": "hazel",
        "mass": "77",
        "homeworld": 22,
        "birth_year": "21BBY"
    },
    "model": "resources.people",
    "pk": 18
},
{
    "fields": {
        "edited": "2014-12-20T21:17:50.343Z",
        "name": "Jek Tono Porkins",
        "created": "2014-12-12T11:16:56.569Z",
        "gender": "male",
        "skin_color": "fair",
        "hair_color": "brown",
        "height": "180",
        "eye_color": "blue",
        "mass": "110",
        "homeworld": 26,
        "birth_year": "unknown"
    },
    "model": "resources.people",
    "pk": 19
},
{
    "fields": {
        "edited": "2014-12-20T21:17:50.345Z",
        "name": "Yoda",
        "created": "2014-12-15T12:26:01.042Z",
        "gender": "male",
        "skin_color": "green",
        "hair_color": "white",
        "height": "66",
        "eye_color": "brown",
        "mass": "17",
        "homeworld": 28,
        "birth_year": "896BBY"
    },
    "model": "resources.people",
    "pk": 20
},
{
    "fields": {
        "edited": "2014-12-20T21:17:50.347Z",
        "name": "Palpatine",
        "created": "2014-12-15T12:48:05.971Z",
        "gender": "male",
        "skin_color": "pale",
        "hair_color": "grey",
        "height": "170",
        "eye_color": "yellow",
        "mass": "75",
        "homeworld": 8,
        "birth_year": "82BBY"
    },
    "model": "resources.people",
    "pk": 21
},
{
    "fields": {
        "edited": "2014-12-20T21:17:50.349Z",
        "name": "Boba Fett",
        "created": "2014-12-15T12:49:32.457Z",
        "gender": "male",
        "skin_color": "fair",
        "hair_color": "black",
        "height": "183",
        "eye_color": "brown",
        "mass": "78.2",
        "homeworld": 10,
        "birth_year": "31.5BBY"
    },
    "model": "resources.people",
    "pk": 22
},
{
    "fields": {
        "edited": "2014-12-20T21:17:50.351Z",
        "name": "IG-88",
        "created": "2014-12-15T12:51:10.076Z",
        "gender": "none",
        "skin_color": "metal",
        "hair_color": "none",
        "height": "200",
        "eye_color": "red",
        "mass": "140",
        "homeworld": 28,
        "birth_year": "15BBY"
    },
    "model": "resources.people",
    "pk": 23
},
{
    "fields": {
        "edited": "2014-12-20T21:17:50.355Z",
        "name": "Bossk",
        "created": "2014-12-15T12:53:49.297Z",
        "gender": "male",
        "skin_color": "green",
        "hair_color": "none",
        "height": "190",
        "eye_color": "red",
        "mass": "113",
        "homeworld": 29,
        "birth_year": "53BBY"
    },
    "model": "resources.people",
    "pk": 24
},
{
    "fields": {
        "edited": "2014-12-20T21:17:50.357Z",
        "name": "Lando Calrissian",
        "created": "2014-12-15T12:56:32.683Z",
        "gender": "male",
        "skin_color": "dark",
        "hair_color": "black",
        "height": "177",
        "eye_color": "brown",
        "mass": "79",
        "homeworld": 30,
        "birth_year": "31BBY"
    },
    "model": "resources.people",
    "pk": 25
},
{
    "fields": {
        "edited": "2014-12-20T21:17:50.359Z",
        "name": "Lobot",
        "created": "2014-12-15T13:01:57.178Z",
        "gender": "male",
        "skin_color": "light",
        "hair_color": "none",
        "height": "175",
        "eye_color": "blue",
        "mass": "79",
        "homeworld": 6,
        "birth_year": "37BBY"
    },
    "model": "resources.people",
    "pk": 26
},
{
    "fields": {
        "edited": "2014-12-20T21:17:50.362Z",
        "name": "Ackbar",
        "created": "2014-12-18T11:07:50.584Z",
        "gender": "male",
        "skin_color": "brown mottle",
        "hair_color": "none",
        "height": "180",
        "eye_color": "orange",
        "mass": "83",
        "homeworld": 31,
        "birth_year": "41BBY"
    },
    "model": "resources.people",
    "pk": 27
},
{
    "fields": {
        "edited": "2014-12-20T21:17:50.364Z",
        "name": "Mon Mothma",
        "created": "2014-12-18T11:12:38.895Z",
        "gender": "female",
        "skin_color": "fair",
        "hair_color": "auburn",
        "height": "150",
        "eye_color": "blue",
        "mass": "unknown",
        "homeworld": 32,
        "birth_year": "48BBY"
    },
    "model": "resources.people",
    "pk": 28
},
{
    "fields": {
        "edited": "2014-12-20T21:17:50.367Z",
        "name": "Arvel Crynyd",
        "created": "2014-12-18T11:16:33.020Z",
        "gender": "male",
        "skin_color": "fair",
        "hair_color": "brown",
        "height": "unknown",
        "eye_color": "brown",
        "mass": "unknown",
        "homeworld": 28,
        "birth_year": "unknown"
    },
    "model": "resources.people",
    "pk": 29
},
{
    "fields": {
        "edited": "2014-12-20T21:17:50.369Z",
        "name": "Wicket Systri Warrick",
        "created": "2014-12-18T11:21:58.954Z",
        "gender": "male",
        "skin_color": "brown",
        "hair_color": "brown",
        "height": "88",
        "eye_color": "brown",
        "mass": "20",
        "homeworld": 7,
        "birth_year": "8BBY"
    },
    "model": "resources.people",
    "pk": 30
},
{
    "fields": {
        "edited": "2014-12-20T21:17:50.371Z",
        "name": "Nien Nunb",
        "created": "2014-12-18T11:26:18.541Z",
        "gender": "male",
        "skin_color": "grey",
        "hair_color": "none",
        "height": "160",
        "eye_color": "black",
        "mass": "68",
        "homeworld": 33,
        "birth_year": "unknown"
    },
    "model": "resources.people",
    "pk": 31
},
{
    "fields": {
        "edited": "2014-12-20T21:17:50.375Z",
        "name": "Qui-Gon Jinn",
        "created": "2014-12-19T16:54:53.618Z",
        "gender": "male",
        "skin_color": "fair",
        "hair_color": "brown",
        "height": "193",
        "eye_color": "blue",
        "mass": "89",
        "homeworld": 28,
        "birth_year": "92BBY"
    },
    "model": "resources.people",
    "pk": 32
},
{
    "fields": {
        "edited": "2014-12-20T21:17:50.377Z",
        "name": "Nute Gunray",
        "created": "2014-12-19T17:05:57.357Z",
        "gender": "male",
        "skin_color": "mottled green",
        "hair_color": "none",
        "height": "191",
        "eye_color": "red",
        "mass": "90",
        "homeworld": 18,
        "birth_year": "unknown"
    },
    "model": "resources.people",
    "pk": 33
},
{
    "fields": {
        "edited": "2014-12-20T21:17:50.379Z",
        "name": "Finis Valorum",
        "created": "2014-12-19T17:21:45.915Z",
        "gender": "male",
        "skin_color": "fair",
        "hair_color": "blond",
        "height": "170",
        "eye_color": "blue",
        "mass": "unknown",
        "homeworld": 9,
        "birth_year": "91BBY"
    },
    "model": "resources.people",
    "pk": 34
},
{
    "fields": {
        "edited": "2014-12-20T21:17:50.381Z",
        "name": "Padm\u00e9 Amidala",
        "created": "2014-12-19T17:28:26.926Z",
        "gender": "female",
        "skin_color": "light",
        "hair_color": "brown",
        "height": "185",
        "eye_color": "brown",
        "mass": "45",
        "homeworld": 8,
        "birth_year": "46BBY"
    },
    "model": "resources.people",
    "pk": 35
},
{
    "fields": {
        "edited": "2014-12-20T21:17:50.383Z",
        "name": "Jar Jar Binks",
        "created": "2014-12-19T17:29:32.489Z",
        "gender": "male",
        "skin_color": "orange",
        "hair_color": "none",
        "height": "196",
        "eye_color": "orange",
        "mass": "66",
        "homeworld": 8,
        "birth_year": "52BBY"
    },
    "model": "resources.people",
    "pk": 36
},
{
    "fields": {
        "edited": "2014-12-20T21:17:50.385Z",
        "name": "Roos Tarpals",
        "created": "2014-12-19T17:32:56.741Z",
        "gender": "male",
        "skin_color": "grey",
        "hair_color": "none",
        "height": "224",
        "eye_color": "orange",
        "mass": "82",
        "homeworld": 8,
        "birth_year": "unknown"
    },
    "model": "resources.people",
    "pk": 37
},
{
    "fields": {
        "edited": "2014-12-20T21:17:50.388Z",
        "name": "Rugor Nass",
        "created": "2014-12-19T17:33:38.909Z",
        "gender": "male",
        "skin_color": "green",
        "hair_color": "none",
        "height": "206",
        "eye_color": "orange",
        "mass": "unknown",
        "homeworld": 8,
        "birth_year": "unknown"
    },
    "model": "resources.people",
    "pk": 38
},
{
    "fields": {
        "edited": "2014-12-20T21:17:50.392Z",
        "name": "Ric Oli\u00e9",
        "created": "2014-12-19T17:45:01.522Z",
        "gender": "male",
        "skin_color": "fair",
        "hair_color": "brown",
        "height": "183",
        "eye_color": "blue",
        "mass": "unknown",
        "homeworld": 8,
        "birth_year": "unknown"
    },
    "model": "resources.people",
    "pk": 39
},
{
    "fields": {
        "edited": "2014-12-20T21:17:50.395Z",
        "name": "Watto",
        "created": "2014-12-19T17:48:54.647Z",
        "gender": "male",
        "skin_color": "blue, grey",
        "hair_color": "black",
        "height": "137",
        "eye_color": "yellow",
        "mass": "unknown",
        "homeworld": 34,
        "birth_year": "unknown"
    },
    "model": "resources.people",
    "pk": 40
},
{
    "fields": {
        "edited": "2014-12-20T21:17:50.397Z",
        "name": "Sebulba",
        "created": "2014-12-19T17:53:02.586Z",
        "gender": "male",
        "skin_color": "grey, red",
        "hair_color": "none",
        "height": "112",
        "eye_color": "orange",
        "mass": "40",
        "homeworld": 35,
        "birth_year": "unknown"
    },
    "model": "resources.people",
    "pk": 41
},
{
    "fields": {
        "edited": "2014-12-20T21:17:50.399Z",
        "name": "Quarsh Panaka",
        "created": "2014-12-19T17:55:43.348Z",
        "gender": "male",
        "skin_color": "dark",
        "hair_color": "black",
        "height": "183",
        "eye_color": "brown",
        "mass": "unknown",
        "homeworld": 8,
        "birth_year": "62BBY"
    },
    "model": "resources.people",
    "pk": 42
},
{
    "fields": {
        "edited": "2014-12-20T21:17:50.401Z",
        "name": "Shmi Skywalker",
        "created": "2014-12-19T17:57:41.191Z",
        "gender": "female",
        "skin_color": "fair",
        "hair_color": "black",
        "height": "163",
        "eye_color": "brown",
        "mass": "unknown",
        "homeworld": 1,
        "birth_year": "72BBY"
    },
    "model": "resources.people",
    "pk": 43
},
{
    "fields": {
        "edited": "2014-12-20T21:17:50.403Z",
        "name": "Darth Maul",
        "created": "2014-12-19T18:00:41.929Z",
        "gender": "male",
        "skin_color": "red",
        "hair_color": "none",
        "height": "175",
        "eye_color": "yellow",
        "mass": "80",
        "homeworld": 36,
        "birth_year": "54BBY"
    },
    "model": "resources.people",
    "pk": 44
},
{
    "fields": {
        "edited": "2014-12-20T21:17:50.407Z",
        "name": "Bib Fortuna",
        "created": "2014-12-20T09:47:02.512Z",
        "gender": "male",
        "skin_color": "pale",
        "hair_color": "none",
        "height": "180",
        "eye_color": "pink",
        "mass": "unknown",
        "homeworld": 37,
        "birth_year": "unknown"
    },
    "model": "resources.people",
    "pk": 45
},
{
    "fields": {
        "edited": "2014-12-20T21:17:50.409Z",
        "name": "Ayla Secura",
        "created": "2014-12-20T09:48:01.172Z",
        "gender": "female",
        "skin_color": "blue",
        "hair_color": "none",
        "height": "178",
        "eye_color": "hazel",
        "mass": "55",
        "homeworld": 37,
        "birth_year": "48BBY"
    },
    "model": "resources.people",
    "pk": 46
},
{
    "fields": {
        "edited": "2014-12-20T21:17:50.410Z",
        "name": "Ratts Tyerel",
        "created": "2014-12-20T09:53:15.086Z",
        "gender": "male",
        "skin_color": "grey, blue",
        "hair_color": "none",
        "height": "79",
        "eye_color": "unknown",
        "mass": "15",
        "homeworld": 38,
        "birth_year": "unknown"
    },
    "model": "resources.people",
    "pk": 47
},
{
    "fields": {
        "edited": "2014-12-20T21:17:50.414Z",
        "name": "Dud Bolt",
        "created": "2014-12-20T09:57:31.858Z",
        "gender": "male",
        "skin_color": "blue, grey",
        "hair_color": "none",
        "height": "94",
        "eye_color": "yellow",
        "mass": "45",
        "homeworld": 39,
        "birth_year": "unknown"
    },
    "model": "resources.people",
    "pk": 48
},
{
    "fields": {
        "edited": "2014-12-20T21:17:50.416Z",
        "name": "Gasgano",
        "created": "2014-12-20T10:02:12.223Z",
        "gender": "male",
        "skin_color": "white, blue",
        "hair_color": "none",
        "height": "122",
        "eye_color": "black",
        "mass": "unknown",
        "homeworld": 40,
        "birth_year": "unknown"
    },
    "model": "resources.people",
    "pk": 49
},
{
    "fields": {
        "edited": "2014-12-20T21:17:50.417Z",
        "name": "Ben Quadinaros",
        "created": "2014-12-20T10:08:33.777Z",
        "gender": "male",
        "skin_color": "grey, green, yellow",
        "hair_color": "none",
        "height": "163",
        "eye_color": "orange",
        "mass": "65",
        "homeworld": 41,
        "birth_year": "unknown"
    },
    "model": "resources.people",
    "pk": 50
},
{
    "fields": {
        "edited": "2014-12-20T21:17:50.420Z",
        "name": "Mace Windu",
        "created": "2014-12-20T10:12:30.846Z",
        "gender": "male",
        "skin_color": "dark",
        "hair_color": "none",
        "height": "188",
        "eye_color": "brown",
        "mass": "84",
        "homeworld": 42,
        "birth_year": "72BBY"
    },
    "model": "resources.people",
    "pk": 51
},
{
    "fields": {
        "edited": "2014-12-20T21:17:50.422Z",
        "name": "Ki-Adi-Mundi",
        "created": "2014-12-20T10:15:32.293Z",
        "gender": "male",
        "skin_color": "pale",
        "hair_color": "white",
        "height": "198",
        "eye_color": "yellow",
        "mass": "82",
        "homeworld": 43,
        "birth_year": "92BBY"
    },
    "model": "resources.people",
    "pk": 52
},
{
    "fields": {
        "edited": "2014-12-20T21:17:50.424Z",
        "name": "Kit Fisto",
        "created": "2014-12-20T10:18:57.202Z",
        "gender": "male",
        "skin_color": "green",
        "hair_color": "none",
        "height": "196",
        "eye_color": "black",
        "mass": "87",
        "homeworld": 44,
        "birth_year": "unknown"
    },
    "model": "resources.people",
    "pk": 53
},
{
    "fields": {
        "edited": "2014-12-20T21:17:50.427Z",
        "name": "Eeth Koth",
        "created": "2014-12-20T10:26:47.902Z",
        "gender": "male",
        "skin_color": "brown",
        "hair_color": "black",
        "height": "171",
        "eye_color": "brown",
        "mass": "unknown",
        "homeworld": 45,
        "birth_year": "unknown"
    },
    "model": "resources.people",
    "pk": 54
},
{
    "fields": {
        "edited": "2014-12-20T21:17:50.432Z",
        "name": "Adi Gallia",
        "created": "2014-12-20T10:29:11.661Z",
        "gender": "female",
        "skin_color": "dark",
        "hair_color": "none",
        "height": "184",
        "eye_color": "blue",
        "mass": "50",
        "homeworld": 9,
        "birth_year": "unknown"
    },
    "model": "resources.people",
    "pk": 55
},
{
    "fields": {
        "edited": "2014-12-20T21:17:50.434Z",
        "name": "Saesee Tiin",
        "created": "2014-12-20T10:32:11.669Z",
        "gender": "male",
        "skin_color": "pale",
        "hair_color": "none",
        "height": "188",
        "eye_color": "orange",
        "mass": "unknown",
        "homeworld": 47,
        "birth_year": "unknown"
    },
    "model": "resources.people",
    "pk": 56
},
{
    "fields": {
        "edited": "2014-12-20T21:17:50.437Z",
        "name": "Yarael Poof",
        "created": "2014-12-20T10:34:48.725Z",
        "gender": "male",
        "skin_color": "white",
        "hair_color": "none",
        "height": "264",
        "eye_color": "yellow",
        "mass": "unknown",
        "homeworld": 48,
        "birth_year": "unknown"
    },
    "model": "resources.people",
    "pk": 57
},
{
    "fields": {
        "edited": "2014-12-20T21:17:50.439Z",
        "name": "Plo Koon",
        "created": "2014-12-20T10:49:19.859Z",
        "gender": "male",
        "skin_color": "orange",
        "hair_color": "none",
        "height": "188",
        "eye_color": "black",
        "mass": "80",
        "homeworld": 49,
        "birth_year": "22BBY"
    },
    "model": "resources.people",
    "pk": 58
},
{
    "fields": {
        "edited": "2014-12-20T21:17:50.442Z",
        "name": "Mas Amedda",
        "created": "2014-12-20T10:53:26.457Z",
        "gender": "male",
        "skin_color": "blue",
        "hair_color": "none",
        "height": "196",
        "eye_color": "blue",
        "mass": "unknown",
        "homeworld": 50,
        "birth_year": "unknown"
    },
    "model": "resources.people",
    "pk": 59
},
{
    "fields": {
        "edited": "2014-12-20T21:17:50.445Z",
        "name": "Gregar Typho",
        "created": "2014-12-20T11:10:10.381Z",
        "gender": "male",
        "skin_color": "dark",
        "hair_color": "black",
        "height": "185",
        "eye_color": "brown",
        "mass": "85",
        "homeworld": 8,
        "birth_year": "unknown"
    },
    "model": "resources.people",
    "pk": 60
},
{
    "fields": {
        "edited": "2014-12-20T21:17:50.449Z",
        "name": "Cord\u00e9",
        "created": "2014-12-20T11:11:39.630Z",
        "gender": "female",
        "skin_color": "light",
        "hair_color": "brown",
        "height": "157",
        "eye_color": "brown",
        "mass": "unknown",
        "homeworld": 8,
        "birth_year": "unknown"
    },
    "model": "resources.people",
    "pk": 61
},
{
    "fields": {
        "edited": "2014-12-20T21:17:50.451Z",
        "name": "Cliegg Lars",
        "created": "2014-12-20T15:59:03.958Z",
        "gender": "male",
        "skin_color": "fair",
        "hair_color": "brown",
        "height": "183",
        "eye_color": "blue",
        "mass": "unknown",
        "homeworld": 1,
        "birth_year": "82BBY"
    },
    "model": "resources.people",
    "pk": 62
},
{
    "fields": {
        "edited": "2014-12-20T21:17:50.453Z",
        "name": "Poggle the Lesser",
        "created": "2014-12-20T16:40:43.977Z",
        "gender": "male",
        "skin_color": "green",
        "hair_color": "none",
        "height": "183",
        "eye_color": "yellow",
        "mass": "80",
        "homeworld": 11,
        "birth_year": "unknown"
    },
    "model": "resources.people",
    "pk": 63
},
{
    "fields": {
        "edited": "2014-12-20T21:17:50.455Z",
        "name": "Luminara Unduli",
        "created": "2014-12-20T16:45:53.668Z",
        "gender": "female",
        "skin_color": "yellow",
        "hair_color": "black",
        "height": "170",
        "eye_color": "blue",
        "mass": "56.2",
        "homeworld": 51,
        "birth_year": "58BBY"
    },
    "model": "resources.people",
    "pk": 64
},
{
    "fields": {
        "edited": "2014-12-20T21:17:50.457Z",
        "name": "Barriss Offee",
        "created": "2014-12-20T16:46:40.440Z",
        "gender": "female",
        "skin_color": "yellow",
        "hair_color": "black",
        "height": "166",
        "eye_color": "blue",
        "mass": "50",
        "homeworld": 51,
        "birth_year": "40BBY"
    },
    "model": "resources.people",
    "pk": 65
},
{
    "fields": {
        "edited": "2014-12-20T21:17:50.460Z",
        "name": "Dorm\u00e9",
        "created": "2014-12-20T16:49:14.640Z",
        "gender": "female",
        "skin_color": "light",
        "hair_color": "brown",
        "height": "165",
        "eye_color": "brown",
        "mass": "unknown",
        "homeworld": 8,
        "birth_year": "unknown"
    },
    "model": "resources.people",
    "pk": 66
},
{
    "fields": {
        "edited": "2014-12-20T21:17:50.462Z",
        "name": "Dooku",
        "created": "2014-12-20T16:52:14.726Z",
        "gender": "male",
        "skin_color": "fair",
        "hair_color": "white",
        "height": "193",
        "eye_color": "brown",
        "mass": "80",
        "homeworld": 52,
        "birth_year": "102BBY"
    },
    "model": "resources.people",
    "pk": 67
},
{
    "fields": {
        "edited": "2014-12-20T21:17:50.463Z",
        "name": "Bail Prestor Organa",
        "created": "2014-12-20T16:53:08.575Z",
        "gender": "male",
        "skin_color": "tan",
        "hair_color": "black",
        "height": "191",
        "eye_color": "brown",
        "mass": "unknown",
        "homeworld": 2,
        "birth_year": "67BBY"
    },
    "model": "resources.people",
    "pk": 68
},
{
    "fields": {
        "edited": "2014-12-20T21:17:50.465Z",
        "name": "Jango Fett",
        "created": "2014-12-20T16:54:41.620Z",
        "gender": "male",
        "skin_color": "tan",
        "hair_color": "black",
        "height": "183",
        "eye_color": "brown",
        "mass": "79",
        "homeworld": 53,
        "birth_year": "66BBY"
    },
    "model": "resources.people",
    "pk": 69
},
{
    "fields": {
        "edited": "2014-12-20T21:17:50.468Z",
        "name": "Zam Wesell",
        "created": "2014-12-20T16:57:44.471Z",
        "gender": "female",
        "skin_color": "fair, green, yellow",
        "hair_color": "blonde",
        "height": "168",
        "eye_color": "yellow",
        "mass": "55",
        "homeworld": 54,
        "birth_year": "unknown"
    },
    "model": "resources.people",
    "pk": 70
},
{
    "fields": {
        "edited": "2014-12-20T21:17:50.470Z",
        "name": "Dexter Jettster",
        "created": "2014-12-20T17:28:27.248Z",
        "gender": "male",
        "skin_color": "brown",
        "hair_color": "none",
        "height": "198",
        "eye_color": "yellow",
        "mass": "102",
        "homeworld": 55,
        "birth_year": "unknown"
    },
    "model": "resources.people",
    "pk": 71
},
{
    "fields": {
        "edited": "2014-12-20T21:17:50.473Z",
        "name": "Lama Su",
        "created": "2014-12-20T17:30:50.416Z",
        "gender": "male",
        "skin_color": "grey",
        "hair_color": "none",
        "height": "229",
        "eye_color": "black",
        "mass": "88",
        "homeworld": 10,
        "birth_year": "unknown"
    },
    "model": "resources.people",
    "pk": 72
},
{
    "fields": {
        "edited": "2014-12-20T21:17:50.474Z",
        "name": "Taun We",
        "created": "2014-12-20T17:31:21.195Z",
        "gender": "female",
        "skin_color": "grey",
        "hair_color": "none",
        "height": "213",
        "eye_color": "black",
        "mass": "unknown",
        "homeworld": 10,
        "birth_year": "unknown"
    },
    "model": "resources.people",
    "pk": 73
},
{
    "fields": {
        "edited": "2014-12-20T21:17:50.476Z",
        "name": "Jocasta Nu",
        "created": "2014-12-20T17:32:51.996Z",
        "gender": "female",
        "skin_color": "fair",
        "hair_color": "white",
        "height": "167",
        "eye_color": "blue",
        "mass": "unknown",
        "homeworld": 9,
        "birth_year": "unknown"
    },
    "model": "resources.people",
    "pk": 74
},
{
    "fields": {
        "edited": "2014-12-20T21:17:50.478Z",
        "name": "R4-P17",
        "created": "2014-12-20T17:43:36.409Z",
        "gender": "female",
        "skin_color": "silver, red",
        "hair_color": "none",
        "height": "96",
        "eye_color": "red, blue",
        "mass": "unknown",
        "homeworld": 28,
        "birth_year": "unknown"
    },
    "model": "resources.people",
    "pk": 75
},
{
    "fields": {
        "edited": "2014-12-20T21:17:50.481Z",
        "name": "Wat Tambor",
        "created": "2014-12-20T17:53:52.607Z",
        "gender": "male",
        "skin_color": "green, grey",
        "hair_color": "none",
        "height": "193",
        "eye_color": "unknown",
        "mass": "48",
        "homeworld": 56,
        "birth_year": "unknown"
    },
    "model": "resources.people",
    "pk": 76
},
{
    "fields": {
        "edited": "2014-12-20T21:17:50.484Z",
        "name": "San Hill",
        "created": "2014-12-20T17:58:17.049Z",
        "gender": "male",
        "skin_color": "grey",
        "hair_color": "none",
        "height": "191",
        "eye_color": "gold",
        "mass": "unknown",
        "homeworld": 57,
        "birth_year": "unknown"
    },
    "model": "resources.people",
    "pk": 77
},
{
    "fields": {
        "edited": "2014-12-20T21:17:50.486Z",
        "name": "Shaak Ti",
        "created": "2014-12-20T18:44:01.103Z",
        "gender": "female",
        "skin_color": "red, blue, white",
        "hair_color": "none",
        "height": "178",
        "eye_color": "black",
        "mass": "57",
        "homeworld": 58,
        "birth_year": "unknown"
    },
    "model": "resources.people",
    "pk": 78
},
{
    "fields": {
        "edited": "2014-12-20T21:17:50.488Z",
        "name": "Grievous",
        "created": "2014-12-20T19:43:53.348Z",
        "gender": "male",
        "skin_color": "brown, white",
        "hair_color": "none",
        "height": "216",
        "eye_color": "green, yellow",
        "mass": "159",
        "homeworld": 59,
        "birth_year": "unknown"
    },
    "model": "resources.people",
    "pk": 79
},
{
    "fields": {
        "edited": "2014-12-20T21:17:50.491Z",
        "name": "Tarfful",
        "created": "2014-12-20T19:46:34.209Z",
        "gender": "male",
        "skin_color": "brown",
        "hair_color": "brown",
        "height": "234",
        "eye_color": "blue",
        "mass": "136",
        "homeworld": 14,
        "birth_year": "unknown"
    },
    "model": "resources.people",
    "pk": 80
},
{
    "fields": {
        "edited": "2014-12-20T21:17:50.493Z",
        "name": "Raymus Antilles",
        "created": "2014-12-20T19:49:35.583Z",
        "gender": "male",
        "skin_color": "light",
        "hair_color": "brown",
        "height": "188",
        "eye_color": "brown",
        "mass": "79",
        "homeworld": 2,
        "birth_year": "unknown"
    },
    "model": "resources.people",
    "pk": 81
},
{
    "fields": {
        "edited": "2014-12-20T21:17:50.496Z",
        "name": "Sly Moore",
        "created": "2014-12-20T20:18:37.619Z",
        "gender": "female",
        "skin_color": "pale",
        "hair_color": "none",
        "height": "178",
        "eye_color": "white",
        "mass": "48",
        "homeworld": 60,
        "birth_year": "unknown"
    },
    "model": "resources.people",
    "pk": 82
},
{
    "fields": {
        "edited": "2014-12-20T21:17:50.498Z",
        "name": "Tion Medon",
        "created": "2014-12-20T20:35:04.260Z",
        "gender": "male",
        "skin_color": "grey",
        "hair_color": "none",
        "height": "206",
        "eye_color": "black",
        "mass": "80",
        "homeworld": 12,
        "birth_year": "unknown"
    },
    "model": "resources.people",
    "pk": 83
}
]
