[
{
    "fields": {
        "edited": "2014-12-20T21:36:42.136Z",
        "classification": "mammal",
        "name": "Human",
        "designation": "sentient",
        "created": "2014-12-10T13:52:11.567Z",
        "eye_colors": "brown, blue, green, hazel, grey, amber",
        "people": [
            66,
            67,
            68,
            74
        ],
        "skin_colors": "caucasian, black, asian, hispanic",
        "language": "Galactic Basic",
        "hair_colors": "blonde, brown, black, red",
        "homeworld": 9,
        "average_lifespan": "120",
        "average_height": "180"
    },
    "model": "resources.species",
    "pk": 1
},
{
    "fields": {
        "edited": "2014-12-20T21:36:42.139Z",
        "classification": "artificial",
        "name": "Droid",
        "designation": "sentient",
        "created": "2014-12-10T15:16:16.259Z",
        "eye_colors": "n/a",
        "people": [
            2,
            3,
            8,
            23
        ],
        "skin_colors": "n/a",
        "language": "n/a",
        "hair_colors": "n/a",
        "homeworld": null,
        "average_lifespan": "indefinite",
        "average_height": "n/a"
    },
    "model": "resources.species",
    "pk": 2
},
{
    "fields": {
        "edited": "2014-12-20T21:36:42.142Z",
        "classification": "mammal",
        "name": "Wookie",
        "designation": "sentient",
        "created": "2014-12-10T16:44:31.486Z",
        "eye_colors": "blue, green, yellow, brown, golden, red",
        "people": [
            13,
            80
        ],
        "skin_colors": "gray",
        "language": "Shyriiwook",
        "hair_colors": "black, brown",
        "homeworld": 14,
        "average_lifespan": "400",
        "average_height": "210"
    },
    "model": "resources.species",
    "pk": 3
},
{
    "fields": {
        "edited": "2014-12-20T21:36:42.144Z",
        "classification": "sentient",
        "name": "Rodian",
        "designation": "reptilian",
        "created": "2014-12-10T17:05:26.471Z",
        "eye_colors": "black",
        "people": [
            15
        ],
        "skin_colors": "green, blue",
        "language": "Galatic Basic",
        "hair_colors": "n/a",
        "homeworld": 23,
        "average_lifespan": "unknown",
        "average_height": "170"
    },
    "model": "resources.species",
    "pk": 4
},
{
    "fields": {
        "edited": "2014-12-20T21:36:42.146Z",
        "classification": "gastropod",
        "name": "Hutt",
        "designation": "sentient",
        "created": "2014-12-10T17:12:50.410Z",
        "eye_colors": "yellow, red",
        "people": [
            16
        ],
        "skin_colors": "green, brown, tan",
        "language": "Huttese",
        "hair_colors": "n/a",
        "homeworld": 24,
        "average_lifespan": "1000",
        "average_height": "300"
    },
    "model": "resources.species",
    "pk": 5
},
{
    "fields": {
        "edited": "2014-12-20T21:36:42.148Z",
        "classification": "mammal",
        "name": "Yoda's species",
        "designation": "sentient",
        "created": "2014-12-15T12:27:22.877Z",
        "eye_colors": "brown, green, yellow",
        "people": [
            20
        ],
        "skin_colors": "green, yellow",
        "language": "Galactic basic",
        "hair_colors": "brown, white",
        "homeworld": 28,
        "average_lifespan": "900",
        "average_height": "66"
    },
    "model": "resources.species",
    "pk": 6
},
{
    "fields": {
        "edited": "2014-12-20T21:36:42.151Z",
        "classification": "reptile",
        "name": "Trandoshan",
        "designation": "sentient",
        "created": "2014-12-15T13:07:47.704Z",
        "eye_colors": "yellow, orange",
        "people": [
            24
        ],
        "skin_colors": "brown, green",
        "language": "Dosh",
        "hair_colors": "none",
        "homeworld": 29,
        "average_lifespan": "unknown",
        "average_height": "200"
    },
    "model": "resources.species",
    "pk": 7
},
{
    "fields": {
        "edited": "2014-12-20T21:36:42.153Z",
        "classification": "amphibian",
        "name": "Mon Calamari",
        "designation": "sentient",
        "created": "2014-12-18T11:09:52.263Z",
        "eye_colors": "yellow",
        "people": [
            27
        ],
        "skin_colors": "red, blue, brown, magenta",
        "language": "Mon Calamarian",
        "hair_colors": "none",
        "homeworld": 31,
        "average_lifespan": "unknown",
        "average_height": "160"
    },
    "model": "resources.species",
    "pk": 8
},
{
    "fields": {
        "edited": "2014-12-20T21:36:42.155Z",
        "classification": "mammal",
        "name": "Ewok",
        "designation": "sentient",
        "created": "2014-12-18T11:22:00.285Z",
        "eye_colors": "orange, brown",
        "people": [
            30
        ],
        "skin_colors": "brown",
        "language": "Ewokese",
        "hair_colors": "white, brown, black",
        "homeworld": 7,
        "average_lifespan": "unknown",
        "average_height": "100"
    },
    "model": "resources.species",
    "pk": 9
},
{
    "fields": {
        "edited": "2014-12-20T21:36:42.157Z",
        "classification": "mammal",
        "name": "Sullustan",
        "designation": "sentient",
        "created": "2014-12-18T11:26:20.103Z",
        "eye_colors": "black",
        "people": [
            31
        ],
        "skin_colors": "pale",
        "language": "Sullutese",
        "hair_colors": "none",
        "homeworld": 33,
        "average_lifespan": "unknown",
        "average_height": "180"
    },
    "model": "resources.species",
    "pk": 10
},
{
    "fields": {
        "edited": "2014-12-20T21:36:42.160Z",
        "classification": "unknown",
        "name": "Neimodian",
        "designation": "sentient",
        "created": "2014-12-19T17:07:31.319Z",
        "eye_colors": "red, pink",
        "people": [
            33
        ],
        "skin_colors": "grey, green",
        "language": "Neimoidia",
        "hair_colors": "none",
        "homeworld": 18,
        "average_lifespan": "unknown",
        "average_height": "180"
    },
    "model": "resources.species",
    "pk": 11
},
{
    "fields": {
        "edited": "2014-12-20T21:36:42.163Z",
        "classification": "amphibian",
        "name": "Gungan",
        "designation": "sentient",
        "created": "2014-12-19T17:30:37.341Z",
        "eye_colors": "orange",
        "people": [
            36,
            37,
            38
        ],
        "skin_colors": "brown, green",
        "language": "Gungan basic",
        "hair_colors": "none",
        "homeworld": 8,
        "average_lifespan": "unknown",
        "average_height": "190"
    },
    "model": "resources.species",
    "pk": 12
},
{
    "fields": {
        "edited": "2014-12-20T21:36:42.165Z",
        "classification": "mammal",
        "name": "Toydarian",
        "designation": "sentient",
        "created": "2014-12-19T17:48:56.893Z",
        "eye_colors": "yellow",
        "people": [
            40
        ],
        "skin_colors": "blue, green, grey",
        "language": "Toydarian",
        "hair_colors": "none",
        "homeworld": 34,
        "average_lifespan": "91",
        "average_height": "120"
    },
    "model": "resources.species",
    "pk": 13
},
{
    "fields": {
        "edited": "2014-12-20T21:36:42.167Z",
        "classification": "mammal",
        "name": "Dug",
        "designation": "sentient",
        "created": "2014-12-19T17:53:11.214Z",
        "eye_colors": "yellow, blue",
        "people": [
            41
        ],
        "skin_colors": "brown, purple, grey, red",
        "language": "Dugese",
        "hair_colors": "none",
        "homeworld": 35,
        "average_lifespan": "unknown",
        "average_height": "100"
    },
    "model": "resources.species",
    "pk": 14
},
{
    "fields": {
        "edited": "2014-12-20T21:36:42.169Z",
        "classification": "mammals",
        "name": "Twi'lek",
        "designation": "sentient",
        "created": "2014-12-20T09:48:02.406Z",
        "eye_colors": "blue, brown, orange, pink",
        "people": [
            45,
            46
        ],
        "skin_colors": "orange, yellow, blue, green, pink, purple, tan",
        "language": "Twi'leki",
        "hair_colors": "none",
        "homeworld": 37,
        "average_lifespan": "unknown",
        "average_height": "200"
    },
    "model": "resources.species",
    "pk": 15
},
{
    "fields": {
        "edited": "2014-12-20T21:36:42.171Z",
        "classification": "reptile",
        "name": "Aleena",
        "designation": "sentient",
        "created": "2014-12-20T09:53:16.481Z",
        "eye_colors": "unknown",
        "people": [
            47
        ],
        "skin_colors": "blue, gray",
        "language": "Aleena",
        "hair_colors": "none",
        "homeworld": 38,
        "average_lifespan": "79",
        "average_height": "80"
    },
    "model": "resources.species",
    "pk": 16
},
{
    "fields": {
        "edited": "2014-12-20T21:36:42.173Z",
        "classification": "unknown",
        "name": "Vulptereen",
        "designation": "sentient",
        "created": "2014-12-20T09:57:33.128Z",
        "eye_colors": "yellow",
        "people": [
            48
        ],
        "skin_colors": "grey",
        "language": "vulpterish",
        "hair_colors": "none",
        "homeworld": 39,
        "average_lifespan": "unknown",
        "average_height": "100"
    },
    "model": "resources.species",
    "pk": 17
},
{
    "fields": {
        "edited": "2014-12-20T21:36:42.175Z",
        "classification": "unknown",
        "name": "Xexto",
        "designation": "sentient",
        "created": "2014-12-20T10:02:13.915Z",
        "eye_colors": "black",
        "people": [
            49
        ],
        "skin_colors": "grey, yellow, purple",
        "language": "Xextese",
        "hair_colors": "none",
        "homeworld": 40,
        "average_lifespan": "unknown",
        "average_height": "125"
    },
    "model": "resources.species",
    "pk": 18
},
{
    "fields": {
        "edited": "2014-12-20T21:36:42.177Z",
        "classification": "unknown",
        "name": "Toong",
        "designation": "sentient",
        "created": "2014-12-20T10:08:36.795Z",
        "eye_colors": "orange",
        "people": [
            50
        ],
        "skin_colors": "grey, green, yellow",
        "language": "Tundan",
        "hair_colors": "none",
        "homeworld": 41,
        "average_lifespan": "unknown",
        "average_height": "200"
    },
    "model": "resources.species",
    "pk": 19
},
{
    "fields": {
        "edited": "2014-12-20T21:36:42.179Z",
        "classification": "mammal",
        "name": "Cerean",
        "designation": "sentient",
        "created": "2014-12-20T10:15:33.765Z",
        "eye_colors": "hazel",
        "people": [
            52
        ],
        "skin_colors": "pale pink",
        "language": "Cerean",
        "hair_colors": "red, blond, black, white",
        "homeworld": 43,
        "average_lifespan": "unknown",
        "average_height": "200"
    },
    "model": "resources.species",
    "pk": 20
},
{
    "fields": {
        "edited": "2014-12-20T21:36:42.181Z",
        "classification": "amphibian",
        "name": "Nautolan",
        "designation": "sentient",
        "created": "2014-12-20T10:18:58.610Z",
        "eye_colors": "black",
        "people": [
            53
        ],
        "skin_colors": "green, blue, brown, red",
        "language": "Nautila",
        "hair_colors": "none",
        "homeworld": 44,
        "average_lifespan": "70",
        "average_height": "180"
    },
    "model": "resources.species",
    "pk": 21
},
{
    "fields": {
        "edited": "2014-12-20T21:36:42.183Z",
        "classification": "mammal",
        "name": "Zabrak",
        "designation": "sentient",
        "created": "2014-12-20T10:26:59.894Z",
        "eye_colors": "brown, orange",
        "people": [
            44,
            54
        ],
        "skin_colors": "pale, brown, red, orange, yellow",
        "language": "Zabraki",
        "hair_colors": "black",
        "homeworld": 45,
        "average_lifespan": "unknown",
        "average_height": "180"
    },
    "model": "resources.species",
    "pk": 22
},
{
    "fields": {
        "edited": "2014-12-20T21:36:42.186Z",
        "classification": "mammal",
        "name": "Tholothian",
        "designation": "sentient",
        "created": "2014-12-20T10:29:13.798Z",
        "eye_colors": "blue, indigo",
        "people": [
            55
        ],
        "skin_colors": "dark",
        "language": "unknown",
        "hair_colors": "unknown",
        "homeworld": 46,
        "average_lifespan": "unknown",
        "average_height": "unknown"
    },
    "model": "resources.species",
    "pk": 23
},
{
    "fields": {
        "edited": "2014-12-20T21:36:42.188Z",
        "classification": "unknown",
        "name": "Iktotchi",
        "designation": "sentient",
        "created": "2014-12-20T10:32:13.046Z",
        "eye_colors": "orange",
        "people": [
            56
        ],
        "skin_colors": "pink",
        "language": "Iktotchese",
        "hair_colors": "none",
        "homeworld": 47,
        "average_lifespan": "unknown",
        "average_height": "180"
    },
    "model": "resources.species",
    "pk": 24
},
{
    "fields": {
        "edited": "2014-12-20T21:36:42.189Z",
        "classification": "mammal",
        "name": "Quermian",
        "designation": "sentient",
        "created": "2014-12-20T10:34:50.827Z",
        "eye_colors": "yellow",
        "people": [
            57
        ],
        "skin_colors": "white",
        "language": "Quermian",
        "hair_colors": "none",
        "homeworld": 48,
        "average_lifespan": "86",
        "average_height": "240"
    },
    "model": "resources.species",
    "pk": 25
},
{
    "fields": {
        "edited": "2014-12-20T21:36:42.191Z",
        "classification": "unknown",
        "name": "Kel Dor",
        "designation": "sentient",
        "created": "2014-12-20T10:49:21.692Z",
        "eye_colors": "black, silver",
        "people": [
            58
        ],
        "skin_colors": "peach, orange, red",
        "language": "Kel Dor",
        "hair_colors": "none",
        "homeworld": 49,
        "average_lifespan": "70",
        "average_height": "180"
    },
    "model": "resources.species",
    "pk": 26
},
{
    "fields": {
        "edited": "2014-12-20T21:36:42.193Z",
        "classification": "amphibian",
        "name": "Chagrian",
        "designation": "sentient",
        "created": "2014-12-20T10:53:28.795Z",
        "eye_colors": "blue",
        "people": [
            59
        ],
        "skin_colors": "blue",
        "language": "Chagria",
        "hair_colors": "none",
        "homeworld": 50,
        "average_lifespan": "unknown",
        "average_height": "190"
    },
    "model": "resources.species",
    "pk": 27
},
{
    "fields": {
        "edited": "2014-12-20T21:36:42.195Z",
        "classification": "insectoid",
        "name": "Geonosian",
        "designation": "sentient",
        "created": "2014-12-20T16:40:45.618Z",
        "eye_colors": "green, hazel",
        "people": [
            63
        ],
        "skin_colors": "green, brown",
        "language": "Geonosian",
        "hair_colors": "none",
        "homeworld": 11,
        "average_lifespan": "unknown",
        "average_height": "178"
    },
    "model": "resources.species",
    "pk": 28
},
{
    "fields": {
        "edited": "2014-12-20T21:36:42.197Z",
        "classification": "mammal",
        "name": "Mirialan",
        "designation": "sentient",
        "created": "2014-12-20T16:46:48.290Z",
        "eye_colors": "blue, green, red, yellow, brown, orange",
        "people": [
            64,
            65
        ],
        "skin_colors": "yellow, green",
        "language": "Mirialan",
        "hair_colors": "black, brown",
        "homeworld": 51,
        "average_lifespan": "unknown",
        "average_height": "180"
    },
    "model": "resources.species",
    "pk": 29
},
{
    "fields": {
        "edited": "2014-12-20T21:36:42.199Z",
        "classification": "reptilian",
        "name": "Clawdite",
        "designation": "sentient",
        "created": "2014-12-20T16:57:46.171Z",
        "eye_colors": "yellow",
        "people": [
            70
        ],
        "skin_colors": "green, yellow",
        "language": "Clawdite",
        "hair_colors": "none",
        "homeworld": 54,
        "average_lifespan": "70",
        "average_height": "180"
    },
    "model": "resources.species",
    "pk": 30
},
{
    "fields": {
        "edited": "2014-12-20T21:36:42.200Z",
        "classification": "amphibian",
        "name": "Besalisk",
        "designation": "sentient",
        "created": "2014-12-20T17:28:28.821Z",
        "eye_colors": "yellow",
        "people": [
            71
        ],
        "skin_colors": "brown",
        "language": "besalisk",
        "hair_colors": "none",
        "homeworld": 55,
        "average_lifespan": "75",
        "average_height": "178"
    },
    "model": "resources.species",
    "pk": 31
},
{
    "fields": {
        "edited": "2014-12-20T21:36:42.202Z",
        "classification": "amphibian",
        "name": "Kaminoan",
        "designation": "sentient",
        "created": "2014-12-20T17:31:24.838Z",
        "eye_colors": "black",
        "people": [
            72,
            73
        ],
        "skin_colors": "grey, blue",
        "language": "Kaminoan",
        "hair_colors": "none",
        "homeworld": 10,
        "average_lifespan": "80",
        "average_height": "220"
    },
    "model": "resources.species",
    "pk": 32
},
{
    "fields": {
        "edited": "2014-12-20T21:36:42.204Z",
        "classification": "mammal",
        "name": "Skakoan",
        "designation": "sentient",
        "created": "2014-12-20T17:53:54.515Z",
        "eye_colors": "unknown",
        "people": [
            76
        ],
        "skin_colors": "grey, green",
        "language": "Skakoan",
        "hair_colors": "none",
        "homeworld": 56,
        "average_lifespan": "unknown",
        "average_height": "unknown"
    },
    "model": "resources.species",
    "pk": 33
},
{
    "fields": {
        "edited": "2014-12-20T21:36:42.207Z",
        "classification": "mammal",
        "name": "Muun",
        "designation": "sentient",
        "created": "2014-12-20T17:58:19.088Z",
        "eye_colors": "black",
        "people": [
            77
        ],
        "skin_colors": "grey, white",
        "language": "Muun",
        "hair_colors": "none",
        "homeworld": 57,
        "average_lifespan": "100",
        "average_height": "190"
    },
    "model": "resources.species",
    "pk": 34
},
{
    "fields": {
        "edited": "2014-12-20T21:36:42.209Z",
        "classification": "mammal",
        "name": "Togruta",
        "designation": "sentient",
        "created": "2014-12-20T18:44:03.246Z",
        "eye_colors": "red, orange, yellow, green, blue, black",
        "people": [
            78
        ],
        "skin_colors": "red, white, orange, yellow, green, blue",
        "language": "Togruti",
        "hair_colors": "none",
        "homeworld": 58,
        "average_lifespan": "94",
        "average_height": "180"
    },
    "model": "resources.species",
    "pk": 35
},
{
    "fields": {
        "edited": "2014-12-20T21:36:42.210Z",
        "classification": "reptile",
        "name": "Kaleesh",
        "designation": "sentient",
        "created": "2014-12-20T19:45:42.537Z",
        "eye_colors": "yellow",
        "people": [
            79
        ],
        "skin_colors": "brown, orange, tan",
        "language": "Kaleesh",
        "hair_colors": "none",
        "homeworld": 59,
        "average_lifespan": "80",
        "average_height": "170"
    },
    "model": "resources.species",
    "pk": 36
},
{
    "fields": {
        "edited": "2014-12-20T21:36:42.212Z",
        "classification": "mammal",
        "name": "Pau'an",
        "designation": "sentient",
        "created": "2014-12-20T20:35:06.777Z",
        "eye_colors": "black",
        "people": [
            83
        ],
        "skin_colors": "grey",
        "language": "Utapese",
        "hair_colors": "none",
        "homeworld": 12,
        "average_lifespan": "700",
        "average_height": "190"
    },
    "model": "resources.species",
    "pk": 37
}
]
