[
{
    "fields": {
        "vehicle_class": "wheeled",
        "pilots": []
    },
    "model": "resources.vehicle",
    "pk": 4
},
{
    "fields": {
        "vehicle_class": "repulsorcraft",
        "pilots": []
    },
    "model": "resources.vehicle",
    "pk": 6
},
{
    "fields": {
        "vehicle_class": "repulsorcraft",
        "pilots": []
    },
    "model": "resources.vehicle",
    "pk": 7
},
{
    "fields": {
        "vehicle_class": "starfighter",
        "pilots": []
    },
    "model": "resources.vehicle",
    "pk": 8
},
{
    "fields": {
        "vehicle_class": "airspeeder",
        "pilots": [
            1,
            18
        ]
    },
    "model": "resources.vehicle",
    "pk": 14
},
{
    "fields": {
        "vehicle_class": "space/planetary bomber",
        "pilots": []
    },
    "model": "resources.vehicle",
    "pk": 16
},
{
    "fields": {
        "vehicle_class": "assault walker",
        "pilots": []
    },
    "model": "resources.vehicle",
    "pk": 18
},
{
    "fields": {
        "vehicle_class": "walker",
        "pilots": [
            13
        ]
    },
    "model": "resources.vehicle",
    "pk": 19
},
{
    "fields": {
        "vehicle_class": "repulsorcraft",
        "pilots": []
    },
    "model": "resources.vehicle",
    "pk": 20
},
{
    "fields": {
        "vehicle_class": "sail barge",
        "pilots": []
    },
    "model": "resources.vehicle",
    "pk": 24
},
{
    "fields": {
        "vehicle_class": "repulsorcraft cargo skiff",
        "pilots": []
    },
    "model": "resources.vehicle",
    "pk": 25
},
{
    "fields": {
        "vehicle_class": "starfighter",
        "pilots": []
    },
    "model": "resources.vehicle",
    "pk": 26
},
{
    "fields": {
        "vehicle_class": "speeder",
        "pilots": [
            1,
            5
        ]
    },
    "model": "resources.vehicle",
    "pk": 30
},
{
    "fields": {
        "vehicle_class": "starfighter",
        "pilots": []
    },
    "model": "resources.vehicle",
    "pk": 33
},
{
    "fields": {
        "vehicle_class": "repulsorcraft",
        "pilots": []
    },
    "model": "resources.vehicle",
    "pk": 34
},
{
    "fields": {
        "vehicle_class": "repulsorcraft",
        "pilots": []
    },
    "model": "resources.vehicle",
    "pk": 35
},
{
    "fields": {
        "vehicle_class": "repulsorcraft",
        "pilots": []
    },
    "model": "resources.vehicle",
    "pk": 36
},
{
    "fields": {
        "vehicle_class": "landing craft",
        "pilots": []
    },
    "model": "resources.vehicle",
    "pk": 37
},
{
    "fields": {
        "vehicle_class": "submarine",
        "pilots": [
            10,
            32
        ]
    },
    "model": "resources.vehicle",
    "pk": 38
},
{
    "fields": {
        "vehicle_class": "speeder",
        "pilots": [
            44
        ]
    },
    "model": "resources.vehicle",
    "pk": 42
},
{
    "fields": {
        "vehicle_class": "repulsorcraft",
        "pilots": [
            11
        ]
    },
    "model": "resources.vehicle",
    "pk": 44
},
{
    "fields": {
        "vehicle_class": "airspeeder",
        "pilots": [
            70
        ]
    },
    "model": "resources.vehicle",
    "pk": 45
},
{
    "fields": {
        "vehicle_class": "airspeeder",
        "pilots": [
            11
        ]
    },
    "model": "resources.vehicle",
    "pk": 46
},
{
    "fields": {
        "vehicle_class": "gunship",
        "pilots": []
    },
    "model": "resources.vehicle",
    "pk": 50
},
{
    "fields": {
        "vehicle_class": "gunship",
        "pilots": []
    },
    "model": "resources.vehicle",
    "pk": 51
},
{
    "fields": {
        "vehicle_class": "walker",
        "pilots": []
    },
    "model": "resources.vehicle",
    "pk": 53
},
{
    "fields": {
        "vehicle_class": "walker",
        "pilots": []
    },
    "model": "resources.vehicle",
    "pk": 54
},
{
    "fields": {
        "vehicle_class": "speeder",
        "pilots": [
            67
        ]
    },
    "model": "resources.vehicle",
    "pk": 55
},
{
    "fields": {
        "vehicle_class": "transport",
        "pilots": []
    },
    "model": "resources.vehicle",
    "pk": 56
},
{
    "fields": {
        "vehicle_class": "starfighter",
        "pilots": []
    },
    "model": "resources.vehicle",
    "pk": 57
},
{
    "fields": {
        "vehicle_class": "wheeled walker",
        "pilots": [
            79
        ]
    },
    "model": "resources.vehicle",
    "pk": 60
},
{
    "fields": {
        "vehicle_class": "fire suppression ship",
        "pilots": []
    },
    "model": "resources.vehicle",
    "pk": 62
},
{
    "fields": {
        "vehicle_class": "droid starfighter",
        "pilots": []
    },
    "model": "resources.vehicle",
    "pk": 67
},
{
    "fields": {
        "vehicle_class": "airspeeder",
        "pilots": []
    },
    "model": "resources.vehicle",
    "pk": 69
},
{
    "fields": {
        "vehicle_class": "air speeder",
        "pilots": []
    },
    "model": "resources.vehicle",
    "pk": 70
},
{
    "fields": {
        "vehicle_class": "wheeled walker",
        "pilots": []
    },
    "model": "resources.vehicle",
    "pk": 71
},
{
    "fields": {
        "vehicle_class": "droid tank",
        "pilots": []
    },
    "model": "resources.vehicle",
    "pk": 72
},
{
    "fields": {
        "vehicle_class": "airspeeder",
        "pilots": []
    },
    "model": "resources.vehicle",
    "pk": 73
},
{
    "fields": {
        "vehicle_class": "walker",
        "pilots": []
    },
    "model": "resources.vehicle",
    "pk": 76
}
]
